[{"controllers": {"compact": "/pools/default/buckets/default/ddocs/_design%2Fdev_contractors/controller/compactView", "setUpdateMinChanges": "/pools/default/buckets/default/ddocs/_design%2Fdev_contractors/controller/setUpdateMinChanges"}, "doc": {"json": {"views": {"by_name": {"map": "function (doc, meta) {\n  if(doc.DocType && doc.DocType == \"Contractor\") {\n     emit(doc.Code, doc.Id);\n   }\n}"}}}, "meta": {"rev": "2-06e0e584", "id": "_design/dev_contractors"}}}, {"controllers": {"compact": "/pools/default/buckets/default/ddocs/_design%2Fdev_documents/controller/compactView", "setUpdateMinChanges": "/pools/default/buckets/default/ddocs/_design%2Fdev_documents/controller/setUpdateMinChanges"}, "doc": {"json": {"views": {"by_date": {"map": "function (doc, meta) {\n  if(doc.DocType && doc.DocType == \"Document\") {\n     emit(doc.DocumentDate, doc.Id);\n   }\n}"}}}, "meta": {"rev": "3-adf23a55", "id": "_design/dev_documents"}}}, {"controllers": {"compact": "/pools/default/buckets/default/ddocs/_design%2Fdev_users/controller/compactView", "setUpdateMinChanges": "/pools/default/buckets/default/ddocs/_design%2Fdev_users/controller/setUpdateMinChanges"}, "doc": {"json": {"views": {"by_login": {"map": "function (doc, meta) {\n  if(doc.DocType && doc.DocType == \"User\")\n  \temit(meta.id, null);\n}"}, "by_login_active": {"map": "function (doc, meta) {\n  if(doc.DocType && doc.DocType == \"User\" && doc.IsActive) {\n  \temit(meta.id, null);\n  }\n}"}}}, "meta": {"rev": "13-0b2d3f6a", "id": "_design/dev_users"}}}]